Entreprise;Description;Secteur;Pays;Adresse;Téléphone;Email;Site Web;LinkedIn;Effectif;Année création;Chiffre d'affaires;Score;Source
BICEC;Banque internationale du Cameroun pour l'épargne et le crédit;Finance;Cameroun;415 Rue des Affaires, Yaoundé, Cameroun;+237 222 23 00 00;info@bicec.com;https://www.bicec.com;https://www.linkedin.com/company/bicec;1-10;1993;58 millions XAF;93%;Demo Data - Configurez votre API key pour des données réelles
Finance Corp 14 CA;Entreprise spécialisée dans le secteur Finance au Cameroun. Acteur reconnu proposant des solutions adaptées aux besoins du marché local.;Finance;Cameroun;506 Rue des Affaires, Yaoundé, Cameroun;+243 882 31 88 62;contact@financecorp14ca.com;https://www.finance-corp-14-ca.com;https://www.linkedin.com/company/finance-corp-14-ca;1000+;2020;289 millions XAF;90%;Demo Data - Configurez votre API key pour des données réelles
Ecobank Cameroun;Groupe bancaire panafricain présent dans 35 pays;Finance;Cameroun;442 Rue des Affaires, Yaoundé, Cameroun;+237 222 23 43 43;ecobank@ecobank.cm;https://www.ecobank-cameroun.com;https://www.linkedin.com/company/ecobank-cameroun;1000+;2005;72 millions XAF;87%;Demo Data - Configurez votre API key pour des données réelles
Finance Corp 10 CA;Entreprise spécialisée dans le secteur Finance au Cameroun. Acteur reconnu proposant des solutions adaptées aux besoins du marché local.;Finance;Cameroun;416 Rue des Affaires, Yaoundé, Cameroun;+275 594 51 88 37;contact@financecorp10ca.com;https://www.finance-corp-10-ca.com;https://www.linkedin.com/company/finance-corp-10-ca;1-10;2015;179 millions XAF;86%;Demo Data - Configurez votre API key pour des données réelles
Finance Corp 16 CA;Entreprise spécialisée dans le secteur Finance au Cameroun. Acteur reconnu proposant des solutions adaptées aux besoins du marché local.;Finance;Cameroun;67 Rue des Affaires, Yaoundé, Cameroun;+214 369 48 31 62;contact@financecorp16ca.com;https://www.finance-corp-16-ca.com;https://www.linkedin.com/company/finance-corp-16-ca;51-200;2017;76 millions XAF;86%;Demo Data - Configurez votre API key pour des données réelles
SAAR Assurances;Assurances générales et spécialisées;Finance;Cameroun;24 Rue des Affaires, Yaoundé, Cameroun;+237 222 22 95 95;contact@saar.cm;https://www.saar-assurances.com;https://www.linkedin.com/company/saar-assurances;11-50;2002;40 millions XAF;84%;Demo Data - Configurez votre API key pour des données réelles
Finance Corp 19 CA;Entreprise spécialisée dans le secteur Finance au Cameroun. Acteur reconnu proposant des solutions adaptées aux besoins du marché local.;Finance;Cameroun;909 Rue des Affaires, Yaoundé, Cameroun;+265 815 67 93 89;contact@financecorp19ca.com;https://www.finance-corp-19-ca.com;https://www.linkedin.com/company/finance-corp-19-ca;1-10;2008;253 millions XAF;82%;Demo Data - Configurez votre API key pour des données réelles
Finance Corp 20 CA;Entreprise spécialisée dans le secteur Finance au Cameroun. Acteur reconnu proposant des solutions adaptées aux besoins du marché local.;Finance;Cameroun;202 Rue des Affaires, Yaoundé, Cameroun;+273 591 96 74 73;contact@financecorp20ca.com;https://www.finance-corp-20-ca.com;https://www.linkedin.com/company/finance-corp-20-ca;500-1000;2003;297 millions XAF;80%;Demo Data - Configurez votre API key pour des données réelles
Finance Corp 12 CA;Entreprise spécialisée dans le secteur Finance au Cameroun. Acteur reconnu proposant des solutions adaptées aux besoins du marché local.;Finance;Cameroun;214 Rue des Affaires, Yaoundé, Cameroun;+220 313 38 44 37;contact@financecorp12ca.com;https://www.finance-corp-12-ca.com;https://www.linkedin.com/company/finance-corp-12-ca;51-200;2011;70 millions XAF;79%;Demo Data - Configurez votre API key pour des données réelles
Crédit Communautaire Afrique;Microfinance et financement des PME;Finance;Cameroun;589 Rue des Affaires, Yaoundé, Cameroun;+237 233 40 50 60;contact@cca-bank.com;https://www.crédit-communautaire.com;https://www.linkedin.com/company/crédit-communautaire;51-200;2010;120 millions XAF;78%;Demo Data - Configurez votre API key pour des données réelles
Finance Corp 13 CA;Entreprise spécialisée dans le secteur Finance au Cameroun. Acteur reconnu proposant des solutions adaptées aux besoins du marché local.;Finance;Cameroun;538 Rue des Affaires, Yaoundé, Cameroun;+295 341 24 65 30;contact@financecorp13ca.com;https://www.finance-corp-13-ca.com;https://www.linkedin.com/company/finance-corp-13-ca;1-10;2012;236 millions XAF;78%;Demo Data - Configurez votre API key pour des données réelles
Finance Corp 9 CA;Entreprise spécialisée dans le secteur Finance au Cameroun. Acteur reconnu proposant des solutions adaptées aux besoins du marché local.;Finance;Cameroun;193 Rue des Affaires, Yaoundé, Cameroun;+260 370 50 64 39;contact@financecorp9ca.com;https://www.finance-corp-9-ca.com;https://www.linkedin.com/company/finance-corp-9-ca;1000+;1996;273 millions XAF;77%;Demo Data - Configurez votre API key pour des données réelles
Finance Corp 11 CA;Entreprise spécialisée dans le secteur Finance au Cameroun. Acteur reconnu proposant des solutions adaptées aux besoins du marché local.;Finance;Cameroun;942 Rue des Affaires, Yaoundé, Cameroun;+209 892 83 35 82;contact@financecorp11ca.com;https://www.finance-corp-11-ca.com;https://www.linkedin.com/company/finance-corp-11-ca;1-10;2012;86 millions XAF;72%;Demo Data - Configurez votre API key pour des données réelles
Société Générale Cameroun;Filiale de Société Générale, services bancaires complets;Finance;Cameroun;557 Rue des Affaires, Yaoundé, Cameroun;+237 222 43 43 43;contact@sgcameroun.com;https://www.société-générale-cam.com;https://www.linkedin.com/company/société-générale-cam;1000+;1996;428 millions XAF;70%;Demo Data - Configurez votre API key pour des données réelles
Finance Corp 18 CA;Entreprise spécialisée dans le secteur Finance au Cameroun. Acteur reconnu proposant des solutions adaptées aux besoins du marché local.;Finance;Cameroun;705 Rue des Affaires, Yaoundé, Cameroun;+232 815 83 48 95;contact@financecorp18ca.com;https://www.finance-corp-18-ca.com;https://www.linkedin.com/company/finance-corp-18-ca;201-500;2017;409 millions XAF;69%;Demo Data - Configurez votre API key pour des données réelles
Express Union Finance;Microfinance et transfert d'argent national;Finance;Cameroun;835 Rue des Affaires, Yaoundé, Cameroun;+237 222 23 13 13;info@expressunion.cm;https://www.express-union-financ.com;https://www.linkedin.com/company/express-union-financ;500-1000;2013;322 millions XAF;68%;Demo Data - Configurez votre API key pour des données réelles
Afriland First Bank;Banque universelle leader au Cameroun;Finance;Cameroun;111 Rue des Affaires, Yaoundé, Cameroun;+237 222 22 99 99;contact@afrilandfirstbank.com;https://www.afriland-first-bank.com;https://www.linkedin.com/company/afriland-first-bank;201-500;1997;328 millions XAF;64%;Demo Data - Configurez votre API key pour des données réelles
Finance Corp 15 CA;Entreprise spécialisée dans le secteur Finance au Cameroun. Acteur reconnu proposant des solutions adaptées aux besoins du marché local.;Finance;Cameroun;1 Rue des Affaires, Yaoundé, Cameroun;+260 739 49 30 41;contact@financecorp15ca.com;https://www.finance-corp-15-ca.com;https://www.linkedin.com/company/finance-corp-15-ca;1000+;1992;342 millions XAF;63%;Demo Data - Configurez votre API key pour des données réelles
Finance Corp 17 CA;Entreprise spécialisée dans le secteur Finance au Cameroun. Acteur reconnu proposant des solutions adaptées aux besoins du marché local.;Finance;Cameroun;513 Rue des Affaires, Yaoundé, Cameroun;+273 916 11 30 58;contact@financecorp17ca.com;https://www.finance-corp-17-ca.com;https://www.linkedin.com/company/finance-corp-17-ca;51-200;2007;430 millions XAF;63%;Demo Data - Configurez votre API key pour des données réelles
Activa Assurances;Compagnie d'assurance vie et non-vie;Finance;Cameroun;180 Rue des Affaires, Yaoundé, Cameroun;+237 222 22 40 40;activa@activa-group.com;https://www.activa-assurances.com;https://www.linkedin.com/company/activa-assurances;11-50;1995;62 millions XAF;62%;Demo Data - Configurez votre API key pour des données réelles
